barrio,distrito,nombre,estado_licencia,capacidad
castillejos,tetuan,51 NIGHTS OF DRINKS,Abierta,36.0
rios rosas,chamberi,CAFETERIA SYLKAR BAR,Abierta,41.2
ventas,ciudad lineal,LA TAPITA DE EVA,Abierta,25.92
campamento,latina,PIKATAPA,Abierta,45.12
casco h.vicalvaro,vicalvaro,BAR RINCON DE CARLA,Abierta,34.56
guindalera,salamanca,RESTAURANTE CERVECERIA CASA LEANDRO,Abierta,26.25
casco h.vallecas,villa de vallecas,CAFETERIA HNOS. ARRANZ RESTAURANTE,Abierta,59.5
trafalgar,chamberi,NUDISTA TAKE AWAY,Abierta,17.01
niño jesus,retiro,YEDRA,Abierta,15.78
prosperidad,chamartin,BOCATERIA  EL DUENDE,Abierta,44.88
puerta del angel,latina,CAFETERIA PALACIOS SALON COMEDOR,Abierta,10.21
niño jesus,retiro,LIDL,Abierta,39.23
castillejos,tetuan,RESTAURANTE COCINA LIBANESA,Abierta,15.33
nueva españa,chamartin,LA BOMBA BISTRO,Abierta,50.4
san andres,villaverde,BAR CAFETERIA ROBLEDO,Abierta,30.0
timon,barajas,CHURRERIA AVENIDA,Abierta,38.62
concepcion,ciudad lineal,ORALE CALERO,Abierta,21.66
aluche,latina,BAR CEREZO CERVECERIA,Abierta,52.89
almendrales,usera,CAFETERIA  RUBI,Abierta,26.08
palacio,centro,OLE MADRID SOUVENIRS,Abierta,9.72
piovera,hortaleza,TAJ MAHAL,Abierta,5.75
aravaca,moncloa-aravaca,CAFETERÍA-HELADERÍA.,Abierta,85.8
legazpi,arganzuela,VIPS - GINOS (MISMO ESTABLECIMIENTO Y LICENCIA),Abierta,15.21
peña grande,fuencarral-el pardo,EL CHORRON BAR-RESTAURANTE,Abierta,105.63
lista,salamanca,TABERNA EL RINCON DE PARDIÑAS RESTAURANTE,Abierta,23.2
gaztambide,chamberi,CHIRIPA BAR,Abierta,19.07
acacias,arganzuela,CAFETERIA SOMOLINOS,Abierta,22.15
castillejos,tetuan,BAR 7 COPAS,Abierta,44.28
palacio,centro,TABERNA ANGOSTA,Abierta,14.4
estrella,retiro,HOSPITAL BEATA MARIA ANA,Abierta,59.5
chopera,arganzuela,CAFETERIA TRANSMONTANO,Abierta,10.4
estrella,retiro,EL RINCON DE ESTRELLA,Abierta,10.19
recoletos,salamanca,MAJE,Abierta,2.88
los rosales,villaverde,CERVECERIA CAFE DI MADRID,Abierta,184.02
canillas,hortaleza,LA CAFETERIA,Abierta,80.99
ensanche de vallecas,villa de vallecas,RESTAURANTE MR. CHEN,Abierta,32.4
arguelles,moncloa-aravaca,APARTAHOTEL ROSALES,Abierta,9.1
sol,centro,STAR STUDIO COYOTE,Abierta,97.92
hispanoamerica,chamartin,BAR,Abierta,36.36
recoletos,salamanca,CASA JULIAN                                       ,Abierta,25.88
san cristobal,villaverde,YOLO BAR,Abierta,40.04
embajadores,centro,STARBUCKS COFFE,Abierta,34.1
goya,salamanca,CERVECERIA LA SUREÑA,Abierta,45.36
castilla,chamartin,CAFETERIA RESTAURANTE LA CASCADA,Abierta,9.45
goya,salamanca,ALBORAYA,Abierta,42.3
casco h.barajas,barajas,LA LATINA,Abierta,14.6
pacifico,retiro,CAFE BAR TROY,Abierta,39.3
aluche,latina,BAR LA TIERRA,Abierta,46.08
recoletos,salamanca,LA MAQUINA,Abierta,29.74
ciudad jardin,chamartin,LA TRAGANTIA,Abierta,68.04
arguelles,moncloa-aravaca,EL CLUB ALLARD,Abierta,105.98
los jeronimos,retiro,CERVECERIA LOS JERONIMOS,Abierta,32.47
castellana,salamanca,TRIHERS,Abierta,29.58
opañel,carabanchel,LOCCOPIZZA,Abierta,12.71
ciudad jardin,chamartin,CAFETERIA LA PROSPE TAPAS BAR,Abierta,95.79
vallehermoso,chamberi,REYNITA,Abierta,6.46
sol,centro,UDON,Abierta,14.04
trafalgar,chamberi,MÉNTRIDA,Abierta,19.15
hispanoamerica,chamartin,LA BOMBA,Abierta,30.09
goya,salamanca,SANTA GLORIA,Abierta,23.59
aluche,latina,PACK DONER KEBAB,Abierta,15.1
costillares,ciudad lineal,SOCCER,Abierta,29.94
palacio,centro,KORGUI,Abierta,41.56
acacias,arganzuela,VALOR,Abierta,95.4
san fermin,usera,BAR NERIDA,Abierta,30.9
san diego,puente de vallecas,BAR HOOKAH,Abierta,111.85
zofio,usera,BAR LAS PAELLAS,Abierta,22.22
acacias,arganzuela,REINA ARTESANO ZAPATERO,Abierta,58.88
acacias,arganzuela,ALIMENTACIÓN H & E,Abierta,4.08
san andres,villaverde,RESTAURANTE LA FAMILIA,Abierta,11.19
canillejas,san blas-canillejas,BAR OLMEDILLA,Abierta,46.2
universidad,centro,EL REY DEL POLLO,Abierta,6.12
ventas,ciudad lineal,EL CANELAZO,Abierta,54.53
sol,centro,LLAO LLAO,Abierta,17.28
arcos,san blas-canillejas,BAR COIMBRA,Abierta,27.37
pinar del rey,hortaleza,HNOS POZO,Abierta,21.73
valdefuentes,hortaleza,HAMACHI,Abierta,20.51
goya,salamanca,TITA DE BUENOS AIRES,Abierta,3.69
sol,centro,"TIENDA DE SOUVENIRS, REGALOS Y COMPLEMENTOS",Abierta,60.0
valverde,fuencarral-el pardo,BAR CAFE IBOR,Abierta,18.0
concepcion,ciudad lineal,CAFETERIA FUENTE DE,Abierta,18.2
simancas,san blas-canillejas,SANKALY,Abierta,14.7
recoletos,salamanca,LA BODEGA DE CASANOVA,Suspension temporal,30.24
justicia,centro,TABERNA LA ESPAÑOLA,Abierta,6.66
pueblo nuevo,ciudad lineal,SIN ROTULO,Abierta,51.99
pinar del rey,hortaleza,BAR RESTAURANTE MIÑO,Abierta,97.0
casco h.vicalvaro,vicalvaro,MESON VICUS,Abierta,12.24
universidad,centro,MÜR,Abierta,17.33
imperial,arganzuela,CAFETERIA PIRAMIDES,Abierta,27.0
justicia,centro,MUERDES O CHUPAS,Abierta,7.92
hispanoamerica,chamartin,KAIA,Abierta,49.95
palacio,centro,ARTQUITECTURA ESTUDIO BAR,Abierta,28.67
quintana,ciudad lineal,COMPACT BAR DE COPAS,Abierta,14.05
ensanche de vallecas,villa de vallecas,PICKA-PIZZA,Abierta,30.0
rios rosas,chamberi,CASA HELIBERTO,Abierta,23.0
rios rosas,chamberi,EL CAMALEON,Abierta,36.08
horcajo,moratalaz,RESTAURANTE ASIÁTICO DIAMANTE,Abierta,20.23
pueblo nuevo,ciudad lineal,RESTAURANTE 8 DE DICIEMBRE,Abierta,55.8
cortes,centro,PEZ TORTILLA,Abierta,4.68
trafalgar,chamberi,SISAPO,Abierta,22.5
valdefuentes,hortaleza,BAR LA ANTIGUA,Abierta,53.79
palacio,centro,CARL'S JR,Abierta,11.16
el goloso,fuencarral-el pardo,FOREMAN,Abierta,48.6
hispanoamerica,chamartin,ST. PATRICK'S ABBEY IRISH PUB TAVERN,Abierta,98.16
embajadores,centro,SHIBARI SUSHI AND GRILL,Abierta,22.32
trafalgar,chamberi,BAR ASTURIAS,Abierta,20.52
ibiza,retiro,SIBUYA,Abierta,23.25
aravaca,moncloa-aravaca,L ANGELINA,Abierta,39.78
buenavista,carabanchel,CERVECERIA EMPERADOR,Abierta,20.94
arguelles,moncloa-aravaca,ALBOROTO,Abierta,14.79
castellana,salamanca,RESTAURANTE 29 FANEGAS                            ,Abierta,4.04
sol,centro,TABERNA FONTAN,Abierta,7.56
vallehermoso,chamberi,LA CREPERIE,Abierta,36.3
castellana,salamanca,CAFÉ SAIGON,Abierta,34.93
numancia,puente de vallecas,BAR PUERTO DE MAR,Abierta,29.52
prosperidad,chamartin,CAFÉ AMÉRICA,Abierta,61.23
arapiles,chamberi,BAR CORRIENTES,Abierta,23.92
goya,salamanca,CAFETERIA EL TREBOL,Abierta,45.85
valverde,fuencarral-el pardo,SUMA,Abierta,9.72
opañel,carabanchel,RESTAURANTE LA MADREÑA,Abierta,98.3
guindalera,salamanca,CAFETERA JARA,Abierta,17.62
sol,centro,ALL U CAN EAT,Abierta,9.92
pinar del rey,hortaleza,FLAMINGO,Abierta,24.0
butarque,villaverde,BAR RESTAURANTE VITA KR,Abierta,23.4
san pascual,ciudad lineal,BAR,Abierta,51.81
valdebernardo,vicalvaro,LA CHURRE. CAFETERÍA CHURRERÍA,Abierta,26.0
vallehermoso,chamberi,FERRO´S BAR,Abierta,51.51
los jeronimos,retiro,PLENTI,Abierta,17.18
trafalgar,chamberi,ARAIA,Abierta,8.68
aluche,latina,EL TIMON DEL TERRAZA,Abierta,16.9
embajadores,centro,KFC,Abierta,12.6
opañel,carabanchel,BAR LA MONTAÑA,Abierta,32.34
casco h.barajas,barajas,HOSTAL CAFETERIA RESTAURANTE EL PRINCIPE,Abierta,51.66
cuatro caminos,tetuan,CAFETERÍA,Abierta,126.08
legazpi,arganzuela,ROTULO NO INFORMADO,Abierta,19.74
los jeronimos,retiro,IRAKLI,Abierta,8.26
ibiza,retiro,TUPIZZA RETIRO S.L.,Abierta,43.2
ventas,ciudad lineal,LA FORNIA,Abierta,35.1
berruguete,tetuan,RODILLA,Abierta,26.26
vallehermoso,chamberi,RESTAURANTE OLIVA,Abierta,11.68
delicias,arganzuela,ESSENZA,Abierta,19.74
aluche,latina,BAR CAFETERÍA  AVENIDA,Abierta,31.8
simancas,san blas-canillejas,CERVECERIA EL TERMINO,Abierta,35.28
lista,salamanca,RESTAURANTE INDIAN CUISINE TANDOORI STATION,Abierta,39.23
castellana,salamanca,GINOS,Abierta,22.41
universidad,centro,LA PESCADERIA,Abierta,21.28
el pilar,fuencarral-el pardo,BAR,Abierta,6.8
fuente del berro,salamanca,BURGUER KING,Abierta,44.55
casco h.vallecas,villa de vallecas,TEJICA,Abierta,34.11
lista,salamanca,FRIKI,Abierta,3.0
el viso,chamartin,BURGER KING,Abierta,17.01
atocha,arganzuela,GAXTROBAR (SI TU ME DICES VEN),Abierta,31.03
los angeles,villaverde,GRAYMAR,Abierta,58.32
piovera,hortaleza,NORAY GOURMET,Abierta,9.8
fuente del berro,salamanca,CERVECERIA THOMAS,Abierta,21.13
lista,salamanca,ENTRE CÁCERES Y BADAJOZ,Abierta,2.75
ventas,ciudad lineal,EL GALEON,Abierta,15.08
recoletos,salamanca,HOSPES PUERTA DE ALCALÁ,Suspension temporal,128.88
arguelles,moncloa-aravaca,100 MONTADITOS,Abierta,71.53
lista,salamanca,RESTAURANTE MARTINETE,Abierta,64.75
vallehermoso,chamberi,RESTAURANTE WOWCRAB,Abierta,18.95
san juan bautista,ciudad lineal,EMYFA,Abierta,152.58
canillas,hortaleza,LAS MURALLAS,Abierta,54.0
trafalgar,chamberi,MATAKO,Abierta,18.72
vallehermoso,chamberi,LA SIRENA,Abierta,9.9
ibiza,retiro,FATHE PUR,Abierta,21.08
castellana,salamanca,MUESTRA,Abierta,3.57
palos de la frontera,arganzuela,BAR ALEGRE,Abierta,19.74
casco h.vicalvaro,vicalvaro,BAR PICOTEO PIZZA ANTES PUEBLO BÚLGARO,Abierta,27.2
castellana,salamanca,ALOHA POKE,Abierta,1.44
pacifico,retiro,RÃ³TULO NO INFORMADO,Abierta,72.36
comillas,carabanchel,TABERNA DE DOMINGUEZ,Abierta,22.5
chopera,arganzuela,BAR LA CABRERA /EX B Y D,Abierta,34.1
almagro,chamberi,D PIPO,Abierta,44.71
pueblo nuevo,ciudad lineal,CAFETERÍA JARRO CAFE,Abierta,9.44
arapiles,chamberi,87 MILLAS,Abierta,11.08
ibiza,retiro,SALINO,Abierta,30.87
delicias,arganzuela,BAR CAFETERIA LA CHASKA,Abierta,29.55
ibiza,retiro,100 MONTADITOS,Abierta,84.0
embajadores,centro,BAR ELD PEDAL,Abierta,18.54
portazgo,puente de vallecas,CERVECERIA LA PLAZA,Abierta,106.39
berruguete,tetuan,ARTESANOS DE LA HORCHATA,Abierta,23.36
gaztambide,chamberi,TIERRA BURRITOS,Abierta,26.7
gaztambide,chamberi,RIAÑO,Abierta,55.83
legazpi,arganzuela,100 MONTADITOS,Abierta,28.65
palos de la frontera,arganzuela,BAR LA AMISTAD,Abierta,13.14
universidad,centro,EL CHOCOLATE DE LORO,Abierta,4.68
palomas,hortaleza,MOEMIA TABERNA,Abierta,63.01
lista,salamanca,MESON ALCANTARA                                   ,Abierta,18.72
entrevias,puente de vallecas,CAFETERÍA CHARLY CERVECERÍA,Abierta,27.0
vista alegre,carabanchel,BAR LUCIMAR,Abierta,39.24
castellana,salamanca,LA BARRA DE LA BIENTIRADA,Abierta,36.61
lista,salamanca,RIO JORDAN,Abierta,21.85
valdefuentes,hortaleza,SHUKRAN,Abierta,62.69
acacias,arganzuela,FORMULA NIETO S BAR PORRAS Y CHURROS,Abierta,9.35
castilla,chamartin,PLAZA CAFE,Abierta,14.4
peña grande,fuencarral-el pardo,BAR EL 88,Abierta,50.0
universidad,centro,PIZZERIA SANDOS,Abierta,30.68
casco h.barajas,barajas,LA CANICA,Abierta,56.24
puerta del angel,latina,CAFE BAR EL PASO,Abierta,19.44
el pilar,fuencarral-el pardo,CAFETERIA HEMEYA,Abierta,47.77
hispanoamerica,chamartin,EL HORNO,Abierta,13.09
castellana,salamanca,DE PARTIDA,Abierta,49.75
ventas,ciudad lineal,BAR LOS CHIKYS,Abierta,25.16
ciudad jardin,chamartin,LA ESQUINA VINAROZ,Abierta,28.53
puerta del angel,latina,WATA NEGUI COMSUP,Abierta,38.88
arcos,san blas-canillejas,VINTAGE LOUNGE CLUB,Abierta,24.03
acacias,arganzuela,MIS TRADICIONES ,Abierta,53.58
las aguilas,latina,PANADERIA LA ALMUDENA,Abierta,27.36
pacifico,retiro,LA VIEJA ESTACION,Abierta,32.77
sol,centro,VENTA EL BUSCON,Abierta,6.48
valdefuentes,hortaleza,HAK,Abierta,77.04
sol,centro,DON CALAMAR,Abierta,75.0
peña grande,fuencarral-el pardo,EL RINCÓN DE LOS SIETE MARES,Abierta,25.92
goya,salamanca,RUNNING SUSHI,Abierta,26.14
arapiles,chamberi,PANDA WOK,Abierta,8.64
aluche,latina,TIENDA DE ALIMENTACION CON SALA DE INTERNET Y CLOCUTORIO,Abierta,10.98
canillejas,san blas-canillejas,CERVECERIA EL PARQUE,Abierta,50.85
san diego,puente de vallecas,BAR VEN Y VERÁS ( STELA ),Abierta,58.03
gaztambide,chamberi,COKIMA,Abierta,17.82
imperial,arganzuela,EL JARDIN DE PONTONES,Abierta,4.32
imperial,arganzuela,LA HERRADURA,Abierta,17.64
trafalgar,chamberi,DE MANILA,Abierta,18.96
ciudad jardin,chamartin,BENTON,Abierta,8.7
goya,salamanca,LA HERMOSILLA,Abierta,48.86
pradolongo,usera,EL OBRERO,Abierta,32.78
pinar del rey,hortaleza,BAR ARROYO CERVECERIA,Abierta,35.7
trafalgar,chamberi,BAR-RESTAURANTE,Abierta,5.76
recoletos,salamanca,TRH ESSENCE,Abierta,24.84
el salvador,san blas-canillejas,RESTAURANTE SORGO ROJO,Abierta,7.09
opañel,carabanchel,BAR MAJEAN,Abierta,14.22
valverde,fuencarral-el pardo,NEMRUT KEBAP,Abierta,53.67
hispanoamerica,chamartin,BAR ORSAI,Abierta,25.27
arapiles,chamberi,LA MALLORQUINA,Abierta,104.87
mirasierra,fuencarral-el pardo,"PITIS, CAFETERÍA ANPE",Abierta,517.74
lista,salamanca,SR,Abierta,25.91
castillejos,tetuan,MATCHA HOUSE,Abierta,47.89
castellana,salamanca,EL HOMBRE PEZ,Abierta,6.94
buenavista,carabanchel,BAR CAFETERIA DONER BEBAP,Abierta,11.7
gaztambide,chamberi,BAR CAFE  DOCTOR,Abierta,4.95
goya,salamanca,TABERNA LAS BOTAS,Abierta,36.26
canillas,hortaleza,EMPANADERIA FURANCHO,Abierta,5.75
prosperidad,chamartin,CAFETERIA RESTAURANTE CARLOS,Abierta,15.36
el viso,chamartin,NASSAU,Abierta,31.62
niño jesus,retiro,FOGG BAR,Abierta,47.88
quintana,ciudad lineal,BAR EL PASO DOBLE,Abierta,50.68
trafalgar,chamberi,CASA KOI,Abierta,13.5
sol,centro,MAESTRO CHURRERO,Abierta,13.5
cortes,centro,CERVECERIA CERVANTES,Abierta,5.58
piovera,hortaleza,TONY ROMA´S,Abierta,28.07
hispanoamerica,chamartin,CASA RICARDO,Abierta,59.52
hispanoamerica,chamartin,LOS PESCAITOS,Abierta,99.88
palacio,centro,LA PARADITA,Abierta,84.24
ventas,ciudad lineal,BAR CANADA,Abierta,20.88
simancas,san blas-canillejas,BAR LA TABERNA,Abierta,20.0
acacias,arganzuela,CAFETERIA BARRIO,Abierta,26.52
el pilar,fuencarral-el pardo,REAL ESTAMBUL SHISHA VAGUADA,Abierta,57.6
hispanoamerica,chamartin,"CHEF BLEU, S.L.",Abierta,28.38
pueblo nuevo,ciudad lineal,THIMPU 46,Abierta,14.04
almagro,chamberi,LIZARRÁN,Abierta,4.08
prosperidad,chamartin,ARANZAZU BOCADITOS,Abierta,24.76
portazgo,puente de vallecas,CERVECERIA AVILA,Abierta,40.0
amposta,san blas-canillejas,BAR LAS MARAVILLAS,Abierta,18.75
prosperidad,chamartin,CERVECERIA BERT,Abierta,9.36
lista,salamanca,SANXENXO,Abierta,41.55
simancas,san blas-canillejas,BAR RESTAURANTE,Abierta,32.87
valdefuentes,hortaleza,RESTAURANTE EL HOOD,Abierta,123.16
justicia,centro,LA CHUEQUITA,Abierta,19.44
hispanoamerica,chamartin,EL RINCON DE ANITA,Abierta,39.36
imperial,arganzuela,BURGER KING,Abierta,26.84
opañel,carabanchel,ALAZAN CAFETERIA,Abierta,9.72
valderrivas,vicalvaro,BAR LA TABERNA DE CHANA,Abierta,71.28
aluche,latina,LA DELICIOSA,Abierta,11.73
hispanoamerica,chamartin,BAR TAXI,Abierta,56.17
atocha,arganzuela,RESTAURANTE LA OFICINA,Abierta,22.68
orcasur,usera,BAR RESTAURANTE CASA MARIANO,Abierta,27.53
lista,salamanca,CAFETERIA SOÑA,Abierta,8.73
valdezarza,moncloa-aravaca,BAR CAFETERIA LOS POETAS,Abierta,34.68
mirasierra,fuencarral-el pardo,EL PESCADOR,Abierta,61.0
las aguilas,latina,BAR LOS XURROS,Abierta,25.6
vallehermoso,chamberi,BAR LA FELICIDAD,Abierta,50.38
ensanche de vallecas,villa de vallecas,EL HOJALDRE PANADERIA CAFETERIA,Abierta,31.14
goya,salamanca,BUENDI TABERNA,Abierta,19.34
hispanoamerica,chamartin,LA VACA PICADA,Abierta,38.73
el viso,chamartin,BAR RESTAURANTE,Abierta,99.93
delicias,arganzuela,KEBABISH,Abierta,29.7
valverde,fuencarral-el pardo,SAONA LAS TABLAS,Abierta,17.5
embajadores,centro,"LA MANYULA, BAR, CAFETERÍA, RACIONES",Abierta,20.06
almenara,tetuan,BAR,Abierta,27.11
arapiles,chamberi,BAR BERDI,Abierta,23.54
pueblo nuevo,ciudad lineal,"PULPERIA O,MIÑO",Abierta,47.57
chopera,arganzuela,BAR ORENSE,Abierta,12.96
pradolongo,usera,BAR JACKY,Abierta,24.6
gaztambide,chamberi,MUESTRA LUMINOSA,Abierta,5.03
goya,salamanca,TABERNA COLINA,Abierta,27.2
san fermin,usera,BAR CAFETERIA,Abierta,68.74
canillas,hortaleza,RESTAURANTE TERRAZA PALACIO DE HIELO,Abierta,90.0
castilla,chamartin,RESTAURANTE KUN FU,Abierta,26.88
cuatro caminos,tetuan,KABUKI,Abierta,91.68
pueblo nuevo,ciudad lineal,GARDEN FRIED CHICKSN,Abierta,2.88
el viso,chamartin,SI SEÑOR,Abierta,85.17
el pilar,fuencarral-el pardo,JYM RACIONES Y TAPAS CASERAS,Abierta,25.92
embajadores,centro,SANI SAPORI,Abierta,7.65
los angeles,villaverde,EL ASADOR DE ENRIQUE,Abierta,19.44
portazgo,puente de vallecas,BAR DAMA,Abierta,53.37
imperial,arganzuela,KAHUNA,Abierta,16.06
vista alegre,carabanchel,ROJAS,Abierta,19.99
universidad,centro,BAR LA MIRINDA,Abierta,24.12
hispanoamerica,chamartin,TOMEU,Abierta,89.86
rios rosas,chamberi,STIVENSON,Abierta,22.68
goya,salamanca,VIPS,Abierta,11.48
lista,salamanca,TABERNA DEGUSTA,Abierta,21.07
goya,salamanca,CERVECERIA 100 MONTADITOS,Abierta,15.85
pacifico,retiro,BEMMU XIO Y JAVI,Abierta,12.72
cortes,centro,LA TAPERIA,Abierta,62.62
recoletos,salamanca,LOBITO DE MAR,Abierta,47.08
almendrales,usera,BAR BAHIA,Abierta,32.4
casco h.vallecas,villa de vallecas,CAFETERIA AVENIDA,Abierta,62.8
los jeronimos,retiro,SAN ILDEFONSO,Suspension temporal,44.8
valverde,fuencarral-el pardo,SUSHI Y BAR,Abierta,13.6
castilla,chamartin,VIPS,Abierta,42.24
san pascual,ciudad lineal,EL RICÓN,Abierta,27.81
goya,salamanca,TREZE,Abierta,13.48
ibiza,retiro,RETIRO ANTOJITOS,Abierta,31.86
cortes,centro,POR DETERMINAR,Abierta,7.2
delicias,arganzuela,RESTAURANTE VILLA DEL PRADO,Abierta,22.68
arapiles,chamberi,TABERNA DEL VOLAPIE,Abierta,24.6
santa eugenia,villa de vallecas,ASADOR DE POLLOS JAYSA,Abierta,62.2
los rosales,villaverde,KEBABISH DÖNER KEBAB,Abierta,25.46
cuatro caminos,tetuan,FIVE GUYS,Abierta,57.43
pinar del rey,hortaleza,BUCARO CERVECERIA,Abierta,32.4
estrella,retiro,MALLORCA EN MADRID,Abierta,46.37
justicia,centro,RODILLA,Abierta,19.44
almendrales,usera,BAR RESTAURANTE,Abierta,37.85
ibiza,retiro,LARDIES,Abierta,55.47
sol,centro,BARCELONA OCHO,Abierta,2.88
prosperidad,chamartin,CAFETERIA ZAZA,Abierta,7.83
rosas,san blas-canillejas,TABERNA AUSTRIA,Abierta,16.15
abrantes,carabanchel,CAFETERIA EL CAZADOR,Abierta,39.98
trafalgar,chamberi,RODILLA,Abierta,17.64
palomeras sureste,puente de vallecas,BAR MARTINEZ CERVECERIA,Abierta,7.02
trafalgar,chamberi,CAFETERIA GADES,Abierta,26.31
canillejas,san blas-canillejas,BAR RESTAURANTE GOTERON,Abierta,20.36
opañel,carabanchel,PASTELERIA JOSE-PAN,Abierta,52.65
comillas,carabanchel,BAR RESTAURANTE LA PARRILLA,Abierta,21.42
arguelles,moncloa-aravaca,EL RINCON DE JOSÉ,Abierta,24.84
casco h.vallecas,villa de vallecas,CONGOSTO 47,Abierta,135.59
ventas,ciudad lineal,LA HACIENDA DE VENTAS,Abierta,82.29
lista,salamanca,LA DESCARADA,Abierta,84.67
canillas,hortaleza,EL RINCON DE MALENA,Abierta,17.5
hispanoamerica,chamartin,JUAN SIN PRISA,Abierta,13.56
casco h.vallecas,villa de vallecas,EL CAMPANARIO,Abierta,68.22
arguelles,moncloa-aravaca,SOL AZTECA,Abierta,8.68
valdezarza,moncloa-aravaca,LA MINA,Abierta,7.28
rios rosas,chamberi,QUERCUS,Abierta,32.0
pinar del rey,hortaleza,BAR DUERO,Abierta,13.13
rios rosas,chamberi,LA BERENJENA DE CHAMBERI,Abierta,62.15
el goloso,fuencarral-el pardo,FASS CENTRO ALEMÁN DE ALIMENTACIÓN,Abierta,38.37
almenara,tetuan,CAFETERIA ARANDIO RESTAURANTE,Abierta,16.38
aluche,latina,MONTADITOS Y TAPAS,Abierta,45.65
almagro,chamberi,LA ESPUMOSA,Abierta,52.57
estrella,retiro,RESTAURANTE 76 DE BARANDA,Abierta,13.0
entrevias,puente de vallecas,BAR PASTRANA,Abierta,66.78
el viso,chamartin,TABERNA DEL VOLAPIE,Abierta,83.51
sol,centro,STARBUCKS COFFEE,Abierta,11.16
ventas,ciudad lineal,BAR RESTAURANTE DON GIL,Abierta,23.22
entrevias,puente de vallecas,BAR SHAURMA HOUSE KEBAB,Abierta,28.65
ciudad jardin,chamartin,CAVATINA,Abierta,12.6
recoletos,salamanca,FORTE PIZZA BAR,Abierta,61.29
ventas,ciudad lineal,BAR-CAFETERIA,Abierta,29.5
almendrales,usera,GASTROBAR  LA FABRICA 246,Abierta,30.6
los rosales,villaverde,CAFETERIA VENECIA,Abierta,34.88
pacifico,retiro,CENTRO DENTAL,Abierta,59.69
cortes,centro,VIPS,Abierta,12.88
pacifico,retiro,YOANNA,Abierta,32.4
castellana,salamanca,JOSE LUIS,Abierta,52.29
goya,salamanca,DE LA CRUZ,Abierta,34.7
nueva españa,chamartin,BAR RESTAURANTE,Abierta,96.05
recoletos,salamanca,TABERNA ENTRE AMIGOS,Abierta,68.44
goya,salamanca,CAFETERIA MONTESA,Abierta,16.75
ciudad jardin,chamartin,EDELWAIS,Abierta,14.04
ventas,ciudad lineal,CAFE BAR LA FUENTE,Abierta,36.9
san diego,puente de vallecas,TABERNA PLAZA VIEJA,Abierta,14.04
marroquina,moratalaz,PARKING BAR,Abierta,25.92
horcajo,moratalaz,ARTE&SANO,Abierta,30.96
cuatro caminos,tetuan,MARISQUERIA LA BAHIA,Abierta,12.96
corralejos,barajas,BAHIA TABERNA,Abierta,20.44
gaztambide,chamberi,LA OLA,Abierta,12.0
buenavista,carabanchel,LA GALERIA,Abierta,55.54
casco h.vicalvaro,vicalvaro,BAR CAROLINA,Abierta,22.95
media legua,moratalaz,PAPA JOHNS,Abierta,16.43
pueblo nuevo,ciudad lineal,COKTAILS COFFES BEERS CORNER,Abierta,6.53
casco h.vicalvaro,vicalvaro,LO HAN DUPLICADO,Abierta,12.06
arguelles,moncloa-aravaca,TABERNA DEL PRINCIPE,Abierta,17.25
costillares,ciudad lineal,BAR TELEPESCADITO,Abierta,12.92
recoletos,salamanca,TABERNA TAURINA EL TABLON,Suspension temporal,50.31
arapiles,chamberi,BAR DESTELLOS,Abierta,11.9
comillas,carabanchel,TABERNA LUAL,Abierta,39.69
numancia,puente de vallecas,BAR LOS HERMANOS,Abierta,9.81
lista,salamanca,VE-GA BAR,Abierta,55.0
ibiza,retiro,LA RETASCA,Abierta,22.38
el pardo,fuencarral-el pardo,TABERNA LA PLAZA,Abierta,78.39
goya,salamanca,RC 88,Abierta,52.11
media legua,moratalaz,BAR LOS ALAMOS,Abierta,25.92
palacio,centro,LA BOTILLERIA DEL CAFE DE ORIENTE,Abierta,45.0
guindalera,salamanca,MILOS RESTAURANTE GRIEGO,Abierta,19.4
canillas,hortaleza,BAR CHASQUIS,Abierta,66.75
goya,salamanca,RODILLA,Abierta,14.58
valdefuentes,hortaleza,SAFFRON INDIAN CUISINE,Abierta,70.47
san pascual,ciudad lineal,NUEVA ESPERANZA BAR,Abierta,57.35
rios rosas,chamberi,LA POCHA,Abierta,19.29
aluche,latina,JUMI ROSA,Abierta,30.45
valdefuentes,hortaleza,LA SUREÑA,Abierta,53.55
ibiza,retiro,MÁXIMO,Abierta,8.24
pacifico,retiro,BAR LA ARDOSA,Abierta,21.06
cuatro caminos,tetuan,CAFE MIES BAR,Abierta,21.86
embajadores,centro,FANTASTICO,Abierta,15.95
lista,salamanca,CORNER CAFÉ,Abierta,18.17
canillas,hortaleza,BAR OASIS,Abierta,14.4
el salvador,san blas-canillejas,TABERNA ENTRE CASTILLAS,Abierta,24.0
universidad,centro,EL BALCON DE MALASAÑA,Abierta,78.52
aluche,latina,NEW BOCADITO'S,Abierta,106.05
pinar del rey,hortaleza,RESTAURANTE BAR LOS CELTAS,Abierta,36.7
rosas,san blas-canillejas,BARPOLITANO,Abierta,38.55
cuatro caminos,tetuan,#PORNEAT (X2),Abierta,24.44
recoletos,salamanca,TASTY POKE,Abierta,13.68
valverde,fuencarral-el pardo,GOIKO GRILL,Abierta,40.74
castilla,chamartin,SANTA GLORIA,Abierta,53.07
campamento,latina,BEVERLY BEER /L110,Abierta,12.96
casco h.barajas,barajas,LA VIÑA DE NEREA,Abierta,65.8
palos de la frontera,arganzuela,BODEGAS ROSELL,Abierta,18.72
castellana,salamanca,FLORES DE ALCACHOFA,Abierta,104.28
cuatro caminos,tetuan,SECRETS,Abierta,119.18
cuatro caminos,tetuan,LATERAL,Abierta,143.53
castilla,chamartin,EL DOKE,Abierta,14.58
costillares,ciudad lineal,LA PARRILLA DEL PINAR,Abierta,66.87
santa eugenia,villa de vallecas,CAFETERIA SIMON,Abierta,19.44
ibiza,retiro,BAR ANTONIO RESTAURANTE,Abierta,1.5
almagro,chamberi,DONDE MIGUEL,Abierta,16.72
justicia,centro,HOTEL ROOM MATE OSCAR,Abierta,55.44
portazgo,puente de vallecas,CAFETERIA NERUDA,Abierta,10.8
valdebernardo,vicalvaro,BAR FOGONES ABUELA PILAR,Abierta,44.46
palomas,hortaleza,TINGLAO,Abierta,95.83
pueblo nuevo,ciudad lineal,CAFETERIA,Abierta,7.04
prosperidad,chamartin,OTTICA,Abierta,99.43
casco h.vicalvaro,vicalvaro,BAR LA PERLA,Abierta,45.0
castillejos,tetuan,Ó´PULPEIRO,Abierta,23.04
delicias,arganzuela,PIZZERÍA CARLOS,Abierta,16.66
pueblo nuevo,ciudad lineal,BAR CORREOS,Abierta,25.92
orcasitas,usera,MAX AND HENRY,Abierta,19.07
recoletos,salamanca,CAFE Y TE,Abierta,28.45
valverde,fuencarral-el pardo,LA BRUSCHETTA,Abierta,19.44
buenavista,carabanchel,"LOS ARCOS COFFE, FOOD & BEER",Abierta,34.99
valdebernardo,vicalvaro,BAR TRASGU,Abierta,78.9
san fermin,usera,LA GASTROTECA DE PELAEZ,Abierta,20.79
san isidro,carabanchel,BAR MONICA,Abierta,53.1
goya,salamanca,VOLAPIE,Abierta,32.44
valverde,fuencarral-el pardo,ÑA,Abierta,29.78
trafalgar,chamberi,LAURICA,Abierta,48.41
almagro,chamberi,CHIDO,Abierta,22.91
los jeronimos,retiro,THE SPANISH FARM,Abierta,35.53
arcos,san blas-canillejas,CERVEZAS UCEDA,Abierta,26.53
guindalera,salamanca,BAR SIDNEY,Abierta,19.08
vallehermoso,chamberi,LA ESQUINA DEL 98,Abierta,8.7
ciudad jardin,chamartin,LOS TORREZNOS TAKE AWAY,Abierta,47.65
almagro,chamberi,BAR RESTAURANTE,Abierta,21.6
cortes,centro,LATERAL,Abierta,38.9
quintana,ciudad lineal,EL CASTILLO BAR CERVECERIA,Abierta,2.88
recoletos,salamanca,LA COLONIAL  DE GOYA,Abierta,4.86
piovera,hortaleza,KIALMA,Abierta,29.65
palos de la frontera,arganzuela,POR DETERMINAR,Abierta,10.71
ibiza,retiro,FRUTAS PARRA VERDURAS,Abierta,51.67
ibiza,retiro,CASA DE FIERAS,Abierta,11.7
quintana,ciudad lineal,BAR DAYVI,Abierta,59.94
vista alegre,carabanchel,CORNER,Abierta,22.32
quintana,ciudad lineal,MONCAYO,Abierta,4.32
simancas,san blas-canillejas,LA ESQUINITA,Abierta,18.04
puerta bonita,carabanchel,CAFETERIA JOYCA,Abierta,33.84
pueblo nuevo,ciudad lineal,LA LUNA DE ESTAMBUL,Abierta,4.68
legazpi,arganzuela,LOS METALES,Abierta,34.59
trafalgar,chamberi,LA FRESQUERA DE CHAMBERI,Abierta,33.67
ibiza,retiro,LA RAQUETISTA,Abierta,9.15
embajadores,centro,AFRICA FUSIÓN,Abierta,1.44
mirasierra,fuencarral-el pardo,PIROPO GASTROBAR,Abierta,35.64
pueblo nuevo,ciudad lineal,BAR NARANJO,Abierta,13.92
almendrales,usera,MONTEFERRO,Abierta,65.55
trafalgar,chamberi,PABLUS MADRID,Abierta,17.68
lucero,latina,ASADOR EL PINAR CAFETERIA,Abierta,16.8
adelfas,retiro,GALAXI KEBAB,Abierta,28.1
palomeras bajas,puente de vallecas,CAFETERIA CERVECERIA JARRA-KAS,Abierta,28.6
pinar del rey,hortaleza,LA CANCION DEL PIRATA,Abierta,32.4
los rosales,villaverde,BAR DONDE SIEMPRE,Abierta,64.12
alameda de osuna,barajas,PUB MOTOCINE,Abierta,19.44
palomeras sureste,puente de vallecas,VIVARI,Abierta,16.2
guindalera,salamanca,RESTAURANTE CHINO LI MING,Abierta,9.36
gaztambide,chamberi,DEHESA DE SOLANA,Abierta,34.39
vista alegre,carabanchel,LA TABERNA DE DOMINGUEZ,Abierta,25.92
fuente del berro,salamanca,EL RINCON DE LUNA,Abierta,24.17
ensanche de vallecas,villa de vallecas,PASTELERIA JARANDA,Abierta,49.5
sol,centro,BAR OVNI,Abierta,16.2
